id,fields,candidates
070253baa129408e807a22b7,"{'sender_address': 'WPXI, Inc.\nPO Box 809291\nChicago, IL 60680-9291', 'sender_name': 'PCNC-TV', 'recipient_name': 'Greer Margolis Mitchell', 'amount_agency_commission': '19.50', 'amount_total_base': '110.50', 'amount_total': '130.00', 'period_end_date': '08/08/16', 'period_start_date': '08/02/16', 'product_description': 'HFA 8/2', 'advertiser': 'POL/Hillary Clinton/D/PRES-A', 'date_issue': '8/7/2016', 'reference_id': '08330228', 'invoice_id': '142744-1', 'recipient_address': 'Attention: Accounts Payable\n1010 Wisconsin Ave Ste 800\nWashington, DC 20007'}","[""f7043abd88404c0083589a4b""]"
0a1a4ac7a9a1420dacb70b1b,"{'period_start_date': '08/30/16', 'advertiser': 'POL/Hillary Clinton/D/PRES-A', 'sender_name': 'PCNC-TV', 'amount_total': '30.00', 'date_issue': '9/11/2016', 'recipient_name': 'Greer Margolis Mitchell', 'sender_address': 'WPXI, Inc.\nPO Box 809291\nChicago, IL 60680-9291', 'amount_agency_commission': '4.50', 'amount_total_base': '25.50', 'period_end_date': '09/05/16', 'product_description': 'HILLARY 8/30', 'reference_id': '08342009', 'invoice_id': '147498-2', 'recipient_address': 'Attention: Accounts Payable\n1010 Wisconsin Ave Ste 800\nWashington, DC 20007'}",[]
0fd9749822164f1daaab65db,"{'sender_name': 'REMIT TO Sinclair Broadcast', 'amount_agency_commission': '840.00', 'amount_total': '5,600.00', 'amount_total_base': '4,760.00', 'recipient_name': 'American Media & Advocacy Group', 'sender_address': 'c/o KVCW\nPO Box 206270\nDallas, TX 75320-6270', 'product_description': 'POLITICAL CANDIDATE (ns) (1186)', 'advertiser': 'Donald Trump for President-R (107314)', 'date_issue': '10/16/2016', 'reference_id': '2654735', 'invoice_id': '4775226', 'recipient_address': '815 Slaters Ln\nAlexandria, VA 22314'}","[""458bee45f16243699d064a5d"", ""035434f67652420ea113baaf""]"
1549ab5154ec4b589c1c28e3,"{'amount_total_base': '1,292.00', 'amount_total': '1,520.00', 'invoice_id': '27039907', 'recipient_address': '2020 Howell Mill Rd\nAtlanta, GA 30318', 'recipient_name': 'Media Buying and Analytics', 'sender_name': 'WISC-TV', 'period_end_date': '08/17/20', 'period_start_date': '08/13/20', 'product_description': 'Biden For President', 'advertiser': 'Political Various', 'date_revised': '08/13/20', 'date_issue': '8/13/2020', 'reference_id': '27039907'}","[""468e959a926b42c895b2683c"", ""cbc4b33517bd44b797965ee8"", ""d0e64b5617ec4dc08087fa28""]"
1e0e0cb544a849d283c58944,"{'sender_name': 'EPXI-TV', 'amount_total': '400.00', 'product_description': 'CLINTON 4/12', 'recipient_address': 'Attention: Accounts Payable\n1010 Wisconsin Ave Ste 800\nWashington, DC 20007', 'recipient_name': 'Greer Margolis Mitchell', 'sender_address': 'WPXI, Inc.\nPO Box 809291\nChicago, IL 60680-9291', 'amount_agency_commission': '60.00', 'amount_total_base': '340.00', 'period_end_date': '04/18/16', 'period_start_date': '04/12/16', 'advertiser': 'POL/Hillary Clinton/D/PRES-A', 'date_issue': '4/24/2016', 'reference_id': '08228100', 'invoice_id': '106932-1'}",[]
1ed76f4af18143e198410671,"{'recipient_address': 'Attention: Accounts Payable\n1010 Wisconsin Ave Ste 800\nWashington, DC 20007', 'sender_address': 'WPXI, Inc.\nPO Box 809291\nChicago, IL 60680-9291', 'sender_name': 'PCNC-TV', 'amount_agency_commission': '138.75', 'amount_total': '925.00', 'period_end_date': '10/17/16', 'period_start_date': '10/11/16', 'product_description': 'CLINTON 10/11', 'advertiser': 'POL/Hillary Clinton/D/PRES', 'recipient_name': 'Greer Margolis Mitchell', 'amount_total_base': '786.25', 'date_issue': '10/16/2016', 'reference_id': '08362603', 'invoice_id': '156709-1'}",[]
206c630596004835a9826198,"{'amount_total': '33,200.00', 'recipient_address': '815 Slaters Ln\nAlexandria, VA 22314', 'recipient_name': 'American Media & Advocacy Group', 'sender_address': 'c/o KSNV\nPO Box 206270\nDallas, TX 75320-6270', 'sender_name': 'REMIT TO Sinclair Broadcast', 'amount_agency_commission': '4,980.00', 'amount_total_base': '28,220.00', 'product_description': 'POLITICAL CANDIDATE (ns) (1186)', 'advertiser': 'Donald Trump for President-R (107314)', 'date_issue': '10/23/2016', 'reference_id': '2668454', 'invoice_id': '4777386'}","[""4d7cbdc160764f99b22e78b2"", ""035434f67652420ea113baaf"", ""6be82ac5b0cb4165b8d8b8cf""]"
298cb40cc09b451f82713310,"{'recipient_address': 'Attention: Accounts Payable\n1010 Wisconsin Ave Ste 800\nWashington, DC 20007', 'recipient_name': 'Greer Margolis Mitchell', 'amount_agency_commission': '2,407.50', 'amount_total_base': '13,642.50', 'amount_total': '16,050.00', 'sender_address': 'WPXI, Inc.\nPO box 809291\nChicago, IL 60680-9291', 'sender_name': 'WPXI-TV', 'period_end_date': '08/29/16', 'period_start_date': '08/23/16', 'product_description': 'HILLARY 8/23', 'advertiser': 'POL/Hillary Clinton/D/PRES', 'date_issue': '8/28/2016', 'reference_id': '08349995', 'invoice_id': '150783-1'}",[]
2a972f463e6a45b99970fd6e,"{'sender_name': 'REMIT TO Sinclair Broadcast C', 'amount_agency_commission': '840.00', 'amount_total_base': '4,760.00', 'amount_total': '5,600.00', 'product_description': 'POLITICAL CANDIDATE (ns) (1186)', 'advertiser': 'Donald Trump for President-R (107314)', 'date_issue': '11/6/2016', 'reference_id': '2675329', 'invoice_id': '4827612', 'recipient_address': '815 Slaters Ln\nAlexandria, VA 22314', 'recipient_name': 'American Media & Advocacy Group', 'sender_address': 'c/o KVCW\nPO Box 206270\nDallas, TX 75320-6270'}","[""a1f486fce6704f45a57b83c7"", ""458bee45f16243699d064a5d""]"
2d075c8ef8b345cf9fe34040,"{'sender_name': 'REMIT TO Sinclair Broadcast', 'amount_total_base': '2,380.00', 'amount_total': '2,800.00', 'recipient_address': '815 Slaters Ln\nAlexandria, VA 22314', 'recipient_name': 'American Media & Advocacy Group', 'sender_address': 'c/o KVCW\nPO Box 206270\nDallas, TX 75320-6270', 'amount_agency_commission': '$420.00', 'product_description': 'POLITICAL CANDIDATE (ns) (1186)', 'advertiser': 'Donald Trump for President-R (107314)', 'date_issue': '11/6/2016', 'reference_id': '2668884', 'invoice_id': '4827465'}","[""5ea3587d63db4014abbee3af"", ""458bee45f16243699d064a5d""]"
2d5a1d6f92414e4b80b342d5,"{'recipient_name': 'American Media & Advocacy Group', 'sender_address': 'c/o KVCW\nPO Box 206270\nDallas, TX 75320-6270', 'sender_name': 'REMIT TO Sincair Broadcast C', 'amount_total_base': '1,020.00', 'amount_total': '1,200.00', 'date_issue': '11/6/2016', 'amount_agency_commission': '180.00', 'product_description': 'POLITICAL CANDIDATE (ns) (1186)', 'advertiser': 'Donald Trump for President-RNC (113550)', 'reference_id': '2675963', 'invoice_id': '4827633', 'recipient_address': '815 Slaters Ln\nAlexandria, VA 22314'}","[""a1f486fce6704f45a57b83c7"", ""458bee45f16243699d064a5d""]"
2f30f61f19194c47a8f53f52,"{'amount_total': '660', 'invoice_id': '2434656', 'recipient_name': 'MEDIA BUYING AND ANALYTICS', 'sender_name': 'HRP', 'period_end_date': '08/17/20', 'product_description': 'BIDEN FOR PRESIDENT', 'advertiser': 'POLI/J BIDEN/D/PRE/US', 'date_issue': '8/10/2020', 'reference_id': '1448551'}","[""f8f2c20bdbaf47aa9e3a5db4"", ""b3acc46592af4e548759263e"", ""c6372676de8348b7824d5fab""]"
300ab7fb5baa4c5fbe3aeb28,"{'amount_total': '22,000.00', 'recipient_name': 'Greer Margolis Mitchell', 'sender_address': 'WPXI, Inc.\nPO box 809291\nChicago, IL 60680-9291', 'sender_name': 'WPXI-TV', 'amount_agency_commission': '3,300.00', 'recipient_address': 'Attention: Accounts Payable\n1010 Wisconsin Ave Ste 800\nWashington, DC 20007', 'amount_total_base': '18,700.00', 'period_end_date': '04/28/16', 'period_start_date': '04/22/16', 'product_description': 'CLINTON 4/22', 'advertiser': 'POL/Hillary Clinton/D/PRES-A', 'date_issue': '4/26/2016', 'reference_id': '08235016', 'invoice_id': '110494-1'}","[""c9f06d19940240ac92e9b50f"", ""7301c6cd811249d8a8f08432""]"
342ad914e33843c29cb21b97,"{'recipient_address': '815 Slaters Ln\nAlexandria, VA 22314', 'recipient_name': 'American Media & Advocacy Group', 'sender_address': 'c/o KSNV\nPO Box 206270\nDallas, TX 75320-6270', 'sender_name': 'REMIT TO Sinclair Broadcast', 'amount_agency_commission': '5,520.00', 'amount_total_base': '31,280.00', 'amount_total': '36,800.00', 'product_description': 'POLITICAL CANDIDATE (ns) (1186)', 'advertiser': 'Donald Trump for President-RNC (113550)', 'date_issue': '11/13/2016', 'reference_id': '2675923', 'invoice_id': '4830516'}",[]
369e47275faa4659b95c73cf,"{'sender_name': 'KAZT', 'amount_agency_commission': '142.50', 'amount_total_base': '807.50', 'amount_total': '950.00', 'recipient_address': '25 Whitlock PI 2nd FI\nMarietta, GA 30064', 'recipient_name': 'Media Buying and Analytics', 'sender_address': '4343 E Camelback Rd Ste 130\nPhoenix, AZ 85018', 'period_end_date': '08/10/20', 'period_start_date': '08/04/20', 'product_description': 'AZ General', 'advertiser': 'Biden for President', 'date_revised': '08/03/20', 'date_issue': '8/3/2020', 'reference_id': '27029477', 'invoice_id': '39651'}","[""e46b7bfa6bf241ce9cad7577"", ""e4e62852efea4328b26ec87c"", ""3d6f7d846cfd4894bf2ccb19"", ""d53a447bf3604062a0c2a6aa""]"
38b9eb366aa844b6a038184b,"{'advertiser': 'POLI/D TRUMP/R/PRE/US', 'date_issue': '10/10/2016', 'reference_id': '61877', 'invoice_id': '159728', 'product_description': 'TRUMP FOR PRES""SKEDB', 'sender_name': 'KOAA-TV COLORADO SPRINGS-PUE', 'amount_total': '$22,590', 'period_end_date': '10/21/16', 'period_start_date': '10/11/16', 'recipient_name': 'AMERICAN MEDIA & ADVOCACY GROUP'}","[""9c6f8ed7dad3475590b76502"", ""f8b9fd47ebcc45c4a790d2d9""]"
3a52e40267a549f889a1a747,"{'recipient_address': 'Attention: Accounts Payable\n3931 S Sherwood Forest Blvd\nSuite 2\nBaton Rouge, LA 70816', 'amount_total': '7,625.00', 'date_issue': '9/11/2016', 'recipient_name': 'Jamestown Associates', 'sender_address': 'WPXI, Inc.\nPO box 809291\nChicago, IL 60680-9291', 'sender_name': 'WPXI-TV', 'amount_agency_commission': '1,143.75', 'amount_total_base': '6,481.25', 'period_end_date': '09/06/16', 'period_start_date': '08/30/16', 'product_description': 'TRUMP 8/30', 'advertiser': 'POL/Donald Trump/R/PRES/US-A', 'reference_id': '08358467', 'invoice_id': '154770-2'}","[""f523b748f8c34c749f1e83aa"", ""7301c6cd811249d8a8f08432""]"
3c04cf2d03f349359ab42f8c,"{'product_description': 'CLINTON/P/D', 'recipient_address': 'GMMB 3050 K ST NW\nWASHINGTON DC\n20007', 'recipient_name': 'GMMB', 'sender_address': '125 West 55th ST\nNew York, NY 10019', 'sender_name': 'WYTV', 'amount_total': '2,600.00', 'date_issue': '11/1/2016', 'period_end_date': '10/31/16', 'period_start_date': '10/25/16', 'advertiser': 'CLINTON, HILLARY', 'reference_id': '958659', 'invoice_id': '25339310'}","[""f8f2c20bdbaf47aa9e3a5db4"", ""9c6f8ed7dad3475590b76502"", ""a3bc5d373d574944a7209d74"", ""0a76c09cd6cb4ed4ad407419""]"
3c807b178aa547e19e09365c,"{'reference_id': '2617852', 'recipient_name': 'Media Buying and\nAnalytics', 'sender_address': '125 West 55th St\nNew York, NY 10019', 'sender_name': 'WYFX', 'amount_total': '6,240.00', 'period_end_date': '08/10/20', 'period_start_date': '07/31/20', 'product_description': 'OH General', 'advertiser': 'Biden For President', 'date_issue': '8/10/2020', 'invoice_id': '27026842', 'recipient_address': '2020 Howell Mill Rd\nNW Suite D-348\nAtlanta, GA 30318'}","[""73010236e1d94b079835f7f6"", ""3e91bb42b76640d180122717"", ""3dfe492f796d432f9ac540d4"", ""483559d8dd9e472ea2719ad0""]"
3f215c9ce757417ea8e89b81,"{'product_description': 'TRUNP 4 PRES*SKEDB', 'advertiser': 'POLI/D TRUMP/R/PRE/US', 'date_issue': '10/17/2016', 'invoice_id': '1581659', 'sender_name': 'KOAM TV COLORROO SPRINICGS-PUE', 'amount_total': '24,595', 'recipient_name': 'ANERICAN MEDIA & ADVOCACY GROUH', 'period_end_date': '11/07/16', 'period_start_date': '11/01/16'}","[""9c6f8ed7dad3475590b76502"", ""f8b9fd47ebcc45c4a790d2d9""]"
463ee5784c164135b2bccb5a,"{'product_description': 'POLITICAL CANDIDATE (ns) (1186)', 'date_issue': '11/6/2016', 'advertiser': 'Donald Trump for President-R (107314)', 'reference_id': '2654442', 'invoice_id': '4828798', 'recipient_address': '815 Slaters Ln\nAlexandria, VA 22314', 'sender_name': 'REMIT TO Sinclair Broadcast', 'recipient_name': 'American Media & Advocacy Group', 'amount_agency_commission': '903.00', 'amount_total_base': '5,117.00', 'amount_total': '6,020.00', 'sender_address': 'c/o WPMI\nPO Box 206270\nDallas, TX 75320-6270'}","[""f8fe7a34720b4e628883f3b7"", ""30904ed3b892495ea42a8443"", ""35bc7b07e4fe40ce9d8748c0"", ""0049072822ff430e92bfca13"", ""e4ed860e578f4bcdbeb8092e""]"
4966545acd1e47d68e5cfb64,"{'reference_id': '584044', 'invoice_id': '27028936', 'amount_total': '14,460.00', 'recipient_address': '2020 Howell Mill Rd\nNW Suite D-348\nAtlanta, GA 30318', 'recipient_name': 'Media Buying and\nAnalytics', 'sender_address': '125 West 55th St\nNew York, NY 10019', 'sender_name': 'WAOW', 'period_end_date': '08/10/20', 'period_start_date': '08/04/20', 'product_description': 'WI General', 'advertiser': 'Biden For President', 'date_issue': '8/3/2020'}","[""73010236e1d94b079835f7f6"", ""3e91bb42b76640d180122717"", ""433b1b3eb757456db7e0d781"", ""a114fbcfaa9a4cc8905686b1""]"
4b50e66f257844f6ae8092c6,"{'recipient_address': '815 Slaters Ln\nAlexandria, VA 22314', 'amount_total': '23,600.00', 'recipient_name': 'American Media & Advocacy Group', 'sender_address': 'c/o KSNV\nPO Box 206270\nDallas, TX 75320-6270', 'sender_name': 'REMIT TO Sinclair Broadcast', 'amount_agency_commission': '3,540.00', 'amount_total_base': '20,060.00', 'product_description': 'POLITICAL CANDIDATE (ns) (1186)', 'advertiser': 'Donald Trump for President-R (107314)', 'date_issue': '11/13/2016', 'reference_id': '2675316', 'invoice_id': '4830492'}","[""4d7cbdc160764f99b22e78b2"", ""cf51b0f80cce400680b2753d""]"
55c0ed6ac4464912bdec9921,"{'recipient_address': '815 Slaters Ln\nAlexandria, VA 22314', 'recipient_name': 'American Media & Advocacy Group', 'sender_address': 'c/o KSNV\nPO Box 206270\nDallas, TX 75320-6270', 'sender_name': 'REMIT TO Sinclair Broadcast', 'amount_total_base': '46,240.00', 'amount_total': '54,400.00', 'amount_agency_commission': '8,160.00', 'product_description': 'POLITICAL CANDIDATE (ns) (1186)', 'advertiser': 'Donald Trump for President-RNC (113550)', 'date_issue': '11/13/2016', 'reference_id': '2680194', 'invoice_id': '4830587'}","[""458bee45f16243699d064a5d"", ""6be82ac5b0cb4165b8d8b8cf""]"
55edb9bb3efc492aa53e4c82,"{'amount_total': '13,000', 'period_end_date': '08/10/20', 'period_start_date': '08/03/20', 'product_description': 'JOE BIDEN PRESIDENT', 'advertiser': 'POLI/J BIDEN/D/PRE/US', 'date_issue': '8/4/2020', 'reference_id': '717334', 'invoice_id': '2433207', 'recipient_name': 'MEDIA BUYING AND ANALYTICS', 'sender_name': 'WJAX-TV JACKSONVILLE'}","[""f8f2c20bdbaf47aa9e3a5db4""]"
57aa0ff2eaa242e28fb762d0,"{'recipient_address': 'Attention: Accounts Payable\n1010 Wisconsin Ave Ste 800\nWashington, DC 20007', 'recipient_name': 'Greer Margolis Mitchell', 'sender_address': 'WPXI, Inc.\nPO Box 809291\nChicago, IL 60680-9291', 'sender_name': 'PCNC-TV', 'amount_agency_commission': '34.50', 'amount_total_base': '195.50', 'amount_total': '230.00', 'period_end_date': '04/18/16', 'period_start_date': '04/12/16', 'product_description': 'CLINTON 4/12', 'advertiser': 'POL/Hillary Clinton/D/PRES-A', 'date_issue': '4/24/2016', 'reference_id': '08228678', 'invoice_id': '107014-1'}","[""93bb6cd717cc4fc8a99a71ca""]"
5a3b4163eb644d17b48ba573,"{'recipient_address': 'Attention: Accounts Payable\n1010 Wisconsin Ave Ste 800\nWashington, DC 20007', 'recipient_name': 'Greer Margolis Mitchell', 'sender_address': 'WPXI, Inc.\nPO Box 809291\nChicago, IL 60680-9291', 'period_end_date': '10/17/16', 'amount_total': '170.00', 'advertiser': 'POL/Hillary Clinton/D/PRES-A', 'sender_name': 'EPXI-TV', 'amount_agency_commission': '25.50', 'amount_total_base': '144.50', 'period_start_date': '10/11/16', 'product_description': 'CLINTON 10/11', 'date_issue': '10/23/2016', 'reference_id': '08357521', 'invoice_id': '154656-2'}","[""f7043abd88404c0083589a4b""]"
5c55bcb59c754b2db0245eec,"{'amount_total': '220.00', 'product_description': 'CLINTON 9/27', 'recipient_address': 'Attention: Accounts Payable\n1010 Wisconsin Ave Ste 800\nWashington, DC 20007', 'recipient_name': 'Greer Margolis Mitchell', 'sender_address': 'WPXI, Inc.\nPO Box 809291\nChicago, IL 60680-9291', 'sender_name': 'EPXI-TV', 'amount_agency_commission': '33.00', 'amount_total_base': '187.00', 'period_end_date': '10/03/16', 'period_start_date': '09/27/16', 'advertiser': 'POL/Hillary Clinton/D/PRES-A', 'date_issue': '10/9/2016', 'reference_id': '08357530', 'invoice_id': '154649-2'}",[]
5d26f96852a5410db0f043fc,"{'product_description': 'HILLARY 9/13', 'amount_total': '12,275.00', 'amount_agency_commission': '1,841.25', 'recipient_address': 'Attention: Accounts Payable\n1010 Wisconsin Ave Ste 800\nWashington, DC 20007', 'recipient_name': 'Greer Margolis Mitchell', 'sender_address': 'WPXI, Inc.\nPO box 809291\nChicago, IL 60680-9291', 'sender_name': 'WPXI-TV', 'amount_total_base': '10,433.75', 'period_end_date': '09/19/16', 'period_start_date': '09/13/16', 'advertiser': 'POL/Hillary Clinton/D/PRES', 'date_issue': '9/25/2016', 'reference_id': '08357468', 'invoice_id': '155110-2'}","[""00de045ac9d04db8b761bd92""]"
5f298fab5fba4616b65d0537,"{'recipient_address': '815 Slaters Ln\nAlexandria, VA 22314', 'amount_agency_commission': '3,270.00', 'amount_total': '21,800.00', 'recipient_name': 'American Media & Advocacy Group', 'sender_address': 'c/o KSNV\nPO Box 206270\nDallas, TX 75320-6270', 'sender_name': 'REMIT TO Sinclair Broadcast', 'amount_total_base': '18,530.00', 'product_description': 'POLITICAL CANDIDATE (ns) (1186)', 'advertiser': 'Donald Trump for President-R (107314)', 'date_issue': '11/6/2016', 'reference_id': '2668883', 'invoice_id': '4827464'}","[""cf51b0f80cce400680b2753d""]"
62c2c7e17ca54b519e50229b,"{'recipient_address': 'Attention: Accounts Payable\n1010 Wisconsin Ave Ste 800\nWashington, DC 20007', 'recipient_name': 'Greer Margolis Mitchell', 'sender_address': 'WPXI, Inc.\nPO Box 809291\nChicago, IL 60680-9291', 'sender_name': 'EPXI-TV', 'amount_agency_commission': '36.00', 'amount_total_base': '204.00', 'amount_total': '240.00', 'period_end_date': '04/11/16', 'period_start_date': '04/05/16', 'product_description': 'CLINTON 4/9', 'advertiser': 'POL/Hillary Clinton/D/PRES-A', 'date_issue': '4/24/2016', 'reference_id': '08226361', 'invoice_id': '106014-1'}","[""f7043abd88404c0083589a4b""]"
670937a79bd14b90862138b3,"{'sender_name': 'PCNC-TV', 'amount_total': '30.00', 'period_end_date': '08/29/16', 'period_start_date': '08/23/16', 'recipient_address': 'Attention: Accounts Payable\n1010 Wisconsin Ave Ste 800\nWashington, DC 20007', 'recipient_name': 'Greer Margolis Mitchell', 'sender_address': 'WPXI, Inc.\nPO Box 809291\nChicago, IL 60680-9291', 'amount_agency_commission': '4.50', 'amount_total_base': '25.50', 'product_description': 'HILLARY 8/23', 'advertiser': 'POL/Hillary Clinton/D/PRES-A', 'date_issue': '9/4/2016', 'reference_id': '08342006', 'invoice_id': '147476-2'}",[]
67a2c9aaec844338aa7f5a26,"{'amount_total_base': '10,433.75', 'amount_total': '12,275.00', 'recipient_name': 'Greer Margolis Mitchell', 'sender_address': 'WPXI, Inc.\nPO box 809291\nChicago, IL 60680-9291', 'sender_name': 'WPXI-TV', 'invoice_id': '155110-2', 'amount_agency_commission': '1,841.25', 'recipient_address': 'Attention: Accounts Payable\n1010 Wisconsin Ave Ste 800\nWashington, DC 20007', 'period_end_date': '09/19/16', 'period_start_date': '09/13/16', 'product_description': 'HILLARY 9/13', 'advertiser': 'POL/Hillary Clinton/D/PRES-A', 'date_issue': '9/25/2016', 'reference_id': '08357468'}","[""00de045ac9d04db8b761bd92""]"
67f6a409cb834ef6aadad707,"{'amount_total': '280.00', 'recipient_address': 'Attention: Accounts Payable\n1010 Wisconsin Ave Ste 800\nWashington, DC 20007', 'recipient_name': 'Greer Margolis Mitchell', 'sender_address': 'WPXI, Inc.\nPO Box 809291\nChicago, IL 60680-9291', 'sender_name': 'PCNC-TV', 'amount_agency_commission': '42.00', 'amount_total_base': '238.00', 'period_end_date': '08/22/16', 'period_start_date': '08/16/16', 'product_description': 'HILLARY 8/16', 'advertiser': 'POL/Hillary Clinton/D/PRES-A', 'date_issue': '8/21/2016', 'reference_id': '08342004', 'invoice_id': '147469-1'}",[]
67ff4e0f014e41f689664c1a,"{'recipient_address': '815 Slaters Ln\nAlexandria, VA 22314', 'amount_total_base': '25,840.00', 'amount_agency_commission': '4,560.00', 'amount_total': '30,400.00', 'recipient_name': 'American Media & Advocacy Group', 'sender_address': 'c/o KVCW\nPO Box 206270\nDallas, TX 75320-6270', 'sender_name': 'REMIT TO Sinclair Broadcast', 'product_description': 'POLITICAL CANDIDATE (ns) (1186)', 'advertiser': 'Donald Trump for President-R (107314)', 'date_issue': '10/30/2016', 'reference_id': '2668445', 'invoice_id': '4784098'}",[]
6a22800d3ee74b79b6066f05,"{'sender_name': 'PCNC-TV', 'sender_address': 'WPXI, Inc.\nPO Box 809291\nChicago, IL 60680-9291', 'period_end_date': '04/28/16', 'recipient_address': 'Attention: Accounts Payable\n1010 Wisconsin Ave Ste 800\nWashington, DC 20007', 'recipient_name': 'Greer Margolis Mitchell', 'amount_agency_commission': '34.50', 'amount_total_base': '195.50', 'amount_total': '230.00', 'period_start_date': '04/22/16', 'product_description': 'CLINTON 4/22', 'advertiser': 'POL/Hillary Clinton/D/PRES-A', 'date_issue': '4/26/2016', 'reference_id': '08235103', 'invoice_id': '110539-1'}","[""93bb6cd717cc4fc8a99a71ca""]"
6d8dd59fbe274756add8507c,"{'sender_name': 'PCNC-TV', 'amount_total': '300.00', 'recipient_address': 'Attention: Accounts Payable\n1010 Wisconsin Ave Ste 800\nWashington, DC 20007', 'amount_agency_commission': '45.00', 'amount_total_base': '255.00', 'recipient_name': 'Greer Margolis Mitchell', 'sender_address': 'WPXI, Inc.\nPO Box 809291\nChicago, IL 60680-9291', 'period_end_date': '09/26/16', 'period_start_date': '09/20/16', 'product_description': 'CLINTON 9/20', 'advertiser': 'POL/Hillary Clinton/D/PRES-A', 'date_issue': '10/2/2016', 'reference_id': '08362598', 'invoice_id': '156696-2'}","[""f7043abd88404c0083589a4b""]"
6db532612cd54b139bd5e74e,"{'sender_name': 'WFOX-TV JACKSONVILLE', 'amount_total': '6,230', 'recipient_name': 'GREER, MARGOLIS, MITCHELL', 'period_end_date': '10/17/16', 'period_start_date': '10/11/16', 'product_description': 'HILLARY FOR AMERICA', 'advertiser': 'POLI/H CLINTON/D/PRE/US', 'date_issue': '10/11/2016', 'reference_id': '15485', 'invoice_id': '1545441'}","[""f8f2c20bdbaf47aa9e3a5db4""]"
71651cb8122b45ff8c3201bb,"{'amount_total': '525', 'recipient_name': 'GREER, MARGOLIS, MITCHELL', 'sender_name': 'HRP', 'period_end_date': '10/24/16', 'period_start_date': '10/18/16', 'product_description': 'HILLARY FOR AMERICA', 'advertiser': 'POLI/H CLINTON/D/PRE/US', 'date_issue': '10/17/2016', 'reference_id': '154887', 'invoice_id': '1545445'}","[""f8f2c20bdbaf47aa9e3a5db4"", ""c9c5f0dbf040417192d8287b"", ""c6372676de8348b7824d5fab""]"
72688a38fac840ef837bc6e9,"{'sender_name': 'PCNC-TV', 'amount_total': '60.00', 'recipient_address': 'Attention: Accounts Payable\n1010 Wisconsin Ave Ste 800\nWashington, DC 20007', 'recipient_name': 'Greer Margolis Mitchell', 'sender_address': 'WPXI, Inc.\nPO Box 809291\nChicago, IL 60680-9291', 'amount_agency_commission': '9.00', 'amount_total_base': '51.00', 'period_end_date': '08/01/16', 'period_start_date': '07/26/16', 'product_description': 'HFA 7/26', 'advertiser': 'POL/Hillary Clinton/D/PRES-A', 'date_issue': '8/7/2016', 'reference_id': '08330227', 'invoice_id': '142737-2'}","[""ff5df6dcf1794dc89de7296f"", ""0c3ac1261c2b489d91c499e2""]"
780debe185394f94ac4a0112,"{'sender_name': 'WYFX', 'amount_total': '125.00', 'product_description': 'TV', 'invoice_id': '879002-2', 'recipient_address': 'Attention: Accounts Payable\n3050 K Street Northwest\nWashington, DC 20007\nUSA', 'recipient_name': 'Greer Margolis & Mitchell', 'sender_address': 'PO Box 403911\nAtlanta, GA 30384', 'amount_agency_commission': '18.75', 'amount_total_base': '106.25', 'period_end_date': '06/27/16', 'period_start_date': '06/21/16', 'advertiser': 'POL/Hillary Clinton For President', 'date_issue': '6/30/2016', 'reference_id': '25192601'}","[""6c5e0d2555404d9096913651"", ""ce763e9f9ec942c0a6bcccc9"", ""7be05dd6af7f4c5a84c7da8d"", ""0ba3a53b62e3426baabe5fd3""]"
7c711683c9b447a0920693e6,"{'recipient_address': 'Attention: Accounts Payable\n1010 Wisconsin Ave Ste 800\nWashington, DC 20007', 'amount_agency_commission': '1,297.50', 'recipient_name': 'Greer Margolis Mitchell', 'sender_address': 'WPXI, Inc.\nPO box 809291\nChicago, IL 60680-9291', 'sender_name': 'WPXI-TV', 'amount_total_base': '7,352.50', 'amount_total': '8,650.00', 'period_end_date': '08/29/16', 'period_start_date': '08/23/16', 'product_description': 'HILLARY 8/23', 'advertiser': 'POL/Hillary Clinton/D/PRES-A', 'date_issue': '9/4/2016', 'reference_id': '08341689', 'invoice_id': '147187-2'}",[]
8461fe72c38d4eadb8321f0f,"{'sender_name': 'WPXI-TV', 'recipient_name': 'Greer Margolis Mitchell', 'sender_address': 'WPXI, Inc.\nPO box 809291\nChicago, IL 60680-9291', 'amount_agency_commission': '2,426.25', 'amount_total_base': '13,748.75', 'amount_total': '16,175.00', 'period_end_date': '04/11/16', 'period_start_date': '04/05/16', 'product_description': 'CLINTON 4/9', 'advertiser': 'POL/Hillary Clinton/D/PRES-A', 'date_issue': '4/24/2016', 'reference_id': '08226348', 'invoice_id': '106028-1', 'recipient_address': 'Attention: Accounts Payable\n1010 Wisconsin Ave Ste 800\nWashington, DC 20007'}","[""7cc8f9aab2a04850afe8e5bd"", ""f523b748f8c34c749f1e83aa"", ""2e4419e445cc402a9077d8f9""]"
8898d88a0172487fa1e4ae3f,"{'recipient_name': 'GREER, MARGOLIS, MITCHELL', 'sender_name': 'HRP', 'amount_total': '6,130', 'period_end_date': '10/10/16', 'period_start_date': '10/04/16', 'product_description': 'HILLARY FOR AMERICA', 'advertiser': 'POLI/H CLINTON/D/PRE/US', 'date_issue': '10/5/2016', 'reference_id': '168215', 'invoice_id': '1577905'}","[""c9c5f0dbf040417192d8287b"", ""c6372676de8348b7824d5fab""]"
8b914b56fde74766b990dbb0,"{'product_description': 'CLINTON 4/12 ADD', 'amount_total': '7,855.00', 'recipient_address': 'Attention: Accounts Payable\n1010 Wisconsin Ave Ste 800\nWashington, DC 20007', 'recipient_name': 'Greer Margolis Mitchell', 'sender_address': 'WPXI, Inc.\nPO box 809291\nChicago, IL 60680-9291', 'sender_name': 'WPXI-TV', 'amount_agency_commission': '1,178.25', 'amount_total_base': '6,676.75', 'period_end_date': '04/18/16', 'period_start_date': '04/12/16', 'advertiser': 'POL/Hillary Clinton/D/PRES-A', 'date_issue': '4/24/2016', 'reference_id': '08228649', 'invoice_id': '107002-1'}","[""e12eac2c185a4995b07b6d9b"", ""c9f06d19940240ac92e9b50f"", ""f523b748f8c34c749f1e83aa"", ""3ab675b2728c4ddcb9f45925"", ""d562d54f9ae94258965e4eb2""]"
8c8b8960e3224f3abcc8c07b,"{'sender_name': 'WPXI-TV', 'amount_agency_commission': '2,175.00', 'amount_total': '14,500.00', 'sender_address': 'WPXI, Inc.\nPO box 809291\nChicago, IL 60680-9291', 'recipient_name': 'Greer Margolis Mitchell', 'amount_total_base': '12,325.00', 'period_end_date': '08/01/16', 'period_start_date': '07/26/16', 'product_description': 'HFA 7/26', 'advertiser': 'POL/Hillary Clinton/D/PRES', 'date_issue': '8/7/2016', 'reference_id': '08330215', 'invoice_id': '142678-2', 'recipient_address': 'Attention: Accounts Payable\n1010 Wisconsin Ave Ste 800\nWashington, DC 20007'}",[]
8d8f23bdfb424d7d83a81ff2,"{'amount_total_base': '34.00', 'advertiser': 'POL/Hillary Clinton For President', 'amount_total': '40.00', 'sender_name': 'WYFX', 'date_issue': '6/30/2016', 'recipient_address': 'Attention: Accounts Payable\n3050 K Street Northwest\nWashington, DC 20007\nUSA', 'recipient_name': 'Greer Margolis & Mitchell', 'sender_address': 'PO Box 403911\nAtlanta, GA 30384', 'amount_agency_commission': '6.00', 'period_end_date': '06/27/16', 'period_start_date': '06/21/16', 'product_description': 'TV', 'reference_id': '25192607', 'invoice_id': '879004-2'}","[""c5c614ab7e8c468cabbbb354"", ""0239e4efdd8a42db96fa1e18"", ""61db8f31c74d48019f9c9d7a"", ""6bad240ddbc04539912eebc5""]"
90b68136b89b4cd08152dbce,"{'sender_name': 'PCNC-TV', 'recipient_address': 'Attention: Accounts Payable\n1010 Wisconsin Ave Ste 800\nWashington, DC 20007', 'recipient_name': 'Greer Margolis Mitchell', 'sender_address': 'WPXI, Inc.\nPO Box 809291\nChicago, IL 60680-9291', 'amount_agency_commission': '31.50', 'amount_total_base': '178.50', 'amount_total': '210.00', 'period_end_date': '07/25/16', 'period_start_date': '07/19/16', 'product_description': 'HFA 7/19', 'advertiser': 'POL/Hillary Clinton/D/PRES', 'date_issue': '7/24/2016', 'reference_id': '08327922', 'invoice_id': '141363-1'}",[]
927600f1e5db4cf0a2cd708b,"{'sender_name': 'WNEP2', 'amount_total': '348.00', 'recipient_address': '817 Slaters Lane\nAlexandria, VA 22314', 'recipient_name': 'Harris Sikes Media / POL', 'sender_address': '16 Montage Mountain Rd\nMoosic, PA 16507', 'amount_agency_commission': '52.20', 'amount_total_base': '295.80', 'period_end_date': '06/18/20', 'period_start_date': '06/13/20', 'product_description': 'Trump For President', 'advertiser': 'POL/ Donald Trump / R / President / US', 'date_issue': '6/21/2020', 'reference_id': '2014052', 'invoice_id': '2014052-1'}","[""04f4d8bcb8de454e863deea9"", ""37ffef1416cd448aa675c452"", ""9ef82c592b3f49779808897e""]"
938e781fb44a49108dbe2112,"{'amount_agency_commission': '213.00', 'amount_total_base': '1,207.00', 'amount_total': '1,420.00', 'sender_address': '1100 Fairfield Dr\nWest Palm Beach, FL 33407', 'recipient_address': '2020 HOWELL MILL RD NW\nSUITE D-348\nATLANTA, GA 30318-1732', 'recipient_name': 'Media Buying and Analytics', 'sender_name': 'WTVX', 'period_end_date': '08/10/20', 'period_start_date': '08/04/20', 'product_description': 'POLITICAL CANDIDATE (ns) (1186)', 'advertiser': 'Biden for President-D (27957)', 'date_revised': '07/31/20', 'date_issue': '7/31/2020', 'invoice_id': '4479438'}","[""6b38da0356164fa1bed8fd70"", ""008a114c5bdb4715a61e0c3b"", ""5528b79ae6aa4993b5a6e301"", ""75a29efa474549628ad29a48"", ""84be72452d9642ea9e39562e""]"
9421ed0e67e4492cb1fbfe6f,"{'recipient_address': '815 Slaters Ln\nAlexandria, VA 22314', 'sender_name': 'REMIT TO Sinclair Broadcast G', 'amount_agency_commission': '210.00', 'product_description': 'POLITICAL CANDIDATE (ns) (1186)', 'recipient_name': 'American Media & Advocacy Group', 'sender_address': 'c/o KVCW\nPO Box 206270\nDallas, TX 75320-6270', 'amount_total_base': '1,190.00', 'amount_total': '1,400.00', 'advertiser': 'Donald Trump for President-R (107314)', 'date_issue': '10/23/2016', 'reference_id': '2654735', 'invoice_id': '4777213'}","[""a1f486fce6704f45a57b83c7"", ""458bee45f16243699d064a5d""]"
982e42239c8a4519a0c7d7b3,"{'sender_name': 'PCNC-TV', 'amount_total': '180.00', 'amount_agency_commission': '27.00', 'recipient_address': 'Attention: Accounts Payable\n1010 Wisconsin Ave Ste 800\nWashington, DC 20007', 'recipient_name': 'Greer Margolis Mitchell', 'sender_address': 'WPXI, Inc.\nPO Box 809291\nChicago, IL 60680-9291', 'amount_total_base': '153.00', 'period_end_date': '10/10/16', 'period_start_date': '10/04/16', 'product_description': 'CLINTON 10/4', 'advertiser': 'POL/Hillary Clinton/D/PRES-A', 'date_issue': '10/16/2016', 'reference_id': '08362601', 'invoice_id': '156706-2'}",[]
9a51f9ca7fce4c43b69ca912,"{'sender_address': 'WPXI, Inc.\nPO box 809291\nChicago, IL 60680-9291', 'sender_name': 'WPXI-TV', 'amount_total': '7,100.00', 'amount_total_base': '', 'recipient_address': 'Attention: Accounts Payable\n815 Slaters Lane\nAlexandria, VA 22314', 'recipient_name': 'American Media & Advocacy Group', 'amount_agency_commission': '1,065.00', 'period_end_date': '10/31/16', 'period_start_date': '10/25/16', 'product_description': 'TRUMP 10/25', 'advertiser': 'POL/Donald Trump/R/PRES/', 'date_issue': '11/6/2016', 'reference_id': '08411709', 'invoice_id': '168978-2'}","[""00de045ac9d04db8b761bd92""]"
9b9295fe8668451790868d7b,"{'amount_total': '755.00', 'recipient_address': 'Attention: Accounts Payable\n1010 Wisconsin Ave Ste 800\nWashington, DC 20007', 'recipient_name': 'Greer Margolis Mitchell', 'sender_address': 'WPXI, Inc.\nPO Box 809291\nChicago, IL 60680-9291', 'sender_name': 'PCNC-TV', 'amount_agency_commission': '113.25', 'amount_total_base': '641.75', 'period_end_date': '09/26/16', 'period_start_date': '09/20/16', 'product_description': 'CLINTON 9/20', 'advertiser': 'POL/Hillary Clinton/D/PRES-A', 'date_issue': '9/25/2016', 'reference_id': '08362598', 'invoice_id': '156696-1'}",[]
9ba99f33634a4bbc8a9d9662,"{'reference_id': '27035618', 'invoice_id': '39727', 'recipient_address': 'Media Buying and Analytics\n25 Whitlock PI 2nd Fl\nMarietta, GA 30064', 'amount_total': '1,400.00', 'recipient_name': 'Media Buying and Analytics', 'sender_address': '4343 E Camelback Rd Ste 130\nPhoenix, AZ 85018', 'sender_name': 'KAZT', 'amount_agency_commission': '210.00', 'amount_total_base': '1,190.00', 'period_end_date': '08/17/20', 'period_start_date': '08/11/20', 'product_description': 'AZ General', 'advertiser': 'Biden for President', 'date_revised': '08/10/20', 'date_issue': '8/10/2020'}","[""200b57828d99417fb50557ea"", ""aebafce9ab234234a7cba60d"", ""d53a447bf3604062a0c2a6aa"", ""610cb8b9a4304717bdc71e6e""]"
9dc0dcdd84da4024af9e3012,"{'recipient_name': 'American Media & Advocacy Group', 'amount_agency_commission': '180.75', 'amount_total_base': '1,024.25', 'amount_total': '1,205.00', 'recipient_address': '815 Slaters Ln\nAlexandria, VA 22314', 'sender_address': 'c/o WPMI\nPO Box 206270\nDallas, TX 75320-6270', 'sender_name': 'REMIT TO Sinclair Broadcast G', 'product_description': 'POLITICAL CANDIDATE (ns) (1186)', 'advertiser': 'Donald Trump for President-R (107314)', 'date_issue': '11/13/2016', 'reference_id': '2654442', 'invoice_id': '4831023'}","[""f3e188579d4349d9b1da058a"", ""c1bf72ab00c94f74a12f5c1e"", ""30904ed3b892495ea42a8443"", ""7cd3dfeae17042459482f7e8""]"
a62f11e9023b4ff98185a02b,"{'sender_name': 'KAZT', 'amount_agency_commission': '157.50', 'amount_total_base': '892.50', 'amount_total': '1,050.00', 'recipient_address': '25 Whitlock PI 2nd FI\nMarietta, GA 30064', 'recipient_name': 'Media Buying and Analytics', 'sender_address': '4343 E Camelback Rd Ste 130\nPhoenix, AZ 85018', 'period_end_date': '08/14/20', 'period_start_date': '08/11/20', 'product_description': 'AZ General', 'advertiser': 'Biden for President', 'date_revised': '08/13/20', 'date_issue': '8/10/2020', 'reference_id': '27035618', 'invoice_id': '39727'}","[""e46b7bfa6bf241ce9cad7577"", ""3d6f7d846cfd4894bf2ccb19"", ""aebafce9ab234234a7cba60d""]"
a701c601a7604383b0bd9be2,"{'recipient_name': 'American Media & Advocacy Group', 'sender_address': 'c/o KSNV\nPO Box 206270\nDallas, TX 75320-6270', 'sender_name': 'REMIT TO Sinclair Broadcast', 'amount_agency_commission': '2,340.00', 'amount_total_base': '13,260.00', 'amount_total': '15,600.00', 'product_description': 'POLITICAL CANDIDATE (ns) (1186)', 'reference_id': '2668454', 'advertiser': 'Donald Trump for President-R (107314)', 'date_issue': '11/6/2016', 'invoice_id': '4827460', 'recipient_address': '815 Slaters Ln\nAlexandria, VA 22314'}","[""4d7cbdc160764f99b22e78b2"", ""6be82ac5b0cb4165b8d8b8cf""]"
aace2b042e754cd09a3fd7cf,"{'sender_name': 'PCNC-TV', 'recipient_address': 'Attention: Accounts Payable\n1010 Wisconsin Ave Ste 800\nWashington, DC 20007', 'recipient_name': 'Greer Margolis Mitchell', 'sender_address': 'WPXI, Inc.\nPO Box 809291\nChicago, IL 60680-9291', 'amount_agency_commission': '19.50', 'amount_total_base': '110.50', 'amount_total': '130.00', 'period_end_date': '08/15/16', 'period_start_date': '08/09/16', 'product_description': 'HILLARY 8/9', 'advertiser': 'POL/Hillary Clinton/D/PRES-A', 'date_issue': '8/21/2016', 'reference_id': '08342003', 'invoice_id': '147459-2'}","[""f7043abd88404c0083589a4b""]"
adf2baf03cf7461e86c48388,"{'product_description': 'Makegood from #2041151', 'sender_name': 'WNEP2', 'recipient_address': 'Attention: Accounts Payable\n817 Slaters Lane\nAlexandria, VA 22314', 'recipient_name': 'Harris Sikes Media / POL', 'sender_address': '16 Montage Mountain Rd\nMoosic, PA 16507', 'amount_agency_commission': '9.90', 'amount_total_base': '56.10', 'amount_total': '66.00', 'period_end_date': '07/21/20', 'period_start_date': '07/20/20', 'advertiser': 'POL/ Donald Trump / R / President / US', 'date_issue': '7/26/2020', 'reference_id': '2044557', 'invoice_id': '2044557-1'}","[""19835dc6147543c79a0cd401"", ""04f4d8bcb8de454e863deea9""]"
ae2ff4f756394beca1c30bc7,"{'product_description': 'TRUMP 4 PRES*SKED B', 'advertiser': 'POLI/D TRUMP/R/PRE/US', 'date_issue': '10/17/2016', 'reference_id': '62351', 'invoice_id': '158165', 'amount_total': '17,915', 'recipient_name': 'AMERICAN MEDIA & ADVOCACY GROUP', 'sender_name': 'KOAA-TV COLORADO SPRINGS-PUE', 'period_end_date': '10/31/16', 'period_start_date': '10/22/16'}","[""c6372676de8348b7824d5fab""]"
b2797670b6474262a692f311,"{'period_end_date': '07/24/20', 'product_description': 'Makegood from #2043526', 'advertiser': 'POL/ Donald Trump / R / President / US', 'date_issue': '7/26/2020', 'invoice_id': '2046725-1', 'sender_address': '16 Montage Mountain Rd\nMoosic, PA 16507', 'sender_name': 'WNEP2', 'amount_total': '33.00', 'recipient_address': 'Attention: Accounts Payable\n817 Slaters Lane\nAlexandria, VA 22314', 'recipient_name': 'Harris Sikes Media / POL', 'amount_agency_commission': '4.95', 'amount_total_base': '28.05', 'period_start_date': '07/23/20'}","[""19835dc6147543c79a0cd401"", ""d4b098d3e40c4f91965fb4d0""]"
b59e4f8ea10b44298f636b8c,"{'amount_total': '9,900.00', 'amount_agency_commission': '1,485.00', 'amount_total_base': '8,415.00', 'recipient_name': 'American Media & Advocacy Group', 'sender_address': 'c/o KSNV\nPO Box 206270\nDallas, TX 75320-6270', 'sender_name': 'REMIT TO Sinclair Broadcast', 'product_description': 'POLITICAL CANDIDATE (ns) (1186)', 'advertiser': 'Donald Trump for President-R (107314)', 'date_issue': '10/16/2016', 'reference_id': '2647802', 'invoice_id': '4775159', 'recipient_address': '815 Slaters Ln\nAlexandria, VA 22314'}","[""cf51b0f80cce400680b2753d""]"
b99e1609c61946d49e58709c,"{'sender_name': 'WNEP2', 'recipient_address': '817 Slaters Lane\nAlexandria, VA 22314', 'recipient_name': 'Harris Sikes Media / POL', 'sender_address': 'WNEP2\n16 Montage Mountain Rd\nMoosic, PA 16507', 'amount_agency_commission': '25.20', 'amount_total_base': '142.80', 'amount_total': '168.00', 'period_end_date': '06/26/20', 'period_start_date': '06/23/20', 'product_description': 'Trump For President', 'advertiser': 'POL/ Donald Trump / R / President / US', 'date_issue': '6/28/2020', 'invoice_id': '2019314-1'}","[""37ffef1416cd448aa675c452""]"
bbef1e4ef41c401d939d966c,"{'product_description': 'CLINTON 8/23', 'sender_name': 'PCNC-TV', 'amount_total': '240.00', 'recipient_name': 'Greer Margolis Mitchell', 'sender_address': 'WPXI, Inc.\nPO Box 809291\nChicago, IL 60680-9291', 'amount_agency_commission': '36.00', 'amount_total_base': '204.00', 'period_end_date': '08/29/16', 'period_start_date': '08/23/16', 'advertiser': 'POL/Hillary Clinton/D/PRES-A', 'date_issue': '8/28/2016', 'reference_id': '08350704', 'invoice_id': '151064-1', 'recipient_address': 'Attention: Accounts Payable\n1010 Wisconsin Ave Ste 800\nWashington, DC 20007'}",[]
c42e8705d9634e048d958acc,"{'reference_id': '25224545', 'invoice_id': '889949-1', 'recipient_address': 'Attention: Accounts Payable\n3050 K Street Northwest\nWashington, DC 20007\nUSA', 'advertiser': 'POL/Hillary Clinton For President', 'date_issue': '7/10/2016', 'sender_name': 'WYEX', 'sender_address': 'PO Box 403911\nAtlanta, GA 30384', 'recipient_name': 'Greer Margolis & Mitchell', 'amount_agency_commission': '184.50', 'amount_total_base': '1,045.50', 'amount_total': '1,230.00', 'period_end_date': '07/04/16', 'period_start_date': '06/28/16', 'product_description': 'TV'}","[""80bc591612c249bea461cfc8"", ""6bad240ddbc04539912eebc5"", ""ea09595daacd4b40848e8df9"", ""0e55696612564b95a4b205f5"", ""3aab5fc44cb34397a861d5a4""]"
ca2d96ee8796485fb32874fa,"{'amount_total': '261.00', 'recipient_address': '817 Slaters Lane\nAlexandria, VA 22314', 'recipient_name': 'Harris Sikes Media / POL', 'sender_address': '16 Montage Mountain Rd\nMoosic, PA 16507', 'sender_name': 'WNEP2', 'amount_agency_commission': '39.15', 'amount_total_base': '221.85', 'period_end_date': '06/26/20', 'period_start_date': '06/23/20', 'product_description': 'Trump For President', 'advertiser': 'POL/ Donald Trump / R / President / US', 'date_issue': '6/28/2020', 'invoice_id': '2019344-1'}","[""04f4d8bcb8de454e863deea9"", ""9ef82c592b3f49779808897e""]"
cc805c0066ad4a4c96e35172,"{'amount_total_base': '463.25', 'amount_total': '545.00', 'recipient_address': '2020 Howell Mill Road NW\nAtlanta, GA 30318', 'invoice_id': '742814', 'recipient_name': 'Media Buying and Analytics', 'sender_name': 'KASW', 'period_end_date': '08/17/20', 'period_start_date': '08/11/20', 'product_description': 'AZ General', 'advertiser': 'Biden/Democrat/President', 'date_revised': '08/10/20', 'date_issue': '8/10/2020'}","[""1f12ce4ecca3480ea40890cf"", ""60b187494b68465eac540cee"", ""cbc4b33517bd44b797965ee8"", ""88870c8590e140c08d596617""]"
ccffe559298544c1bf462a89,"{'sender_name': 'PCNC-TV', 'amount_total': '230.00', 'recipient_address': 'Attention: Accounts Payable\n1010 Wisconsin Ave Ste 800\nWashington, DC 20007', 'recipient_name': 'Greer Margolis Mitchell', 'sender_address': 'WPXI, Inc.\nPO Box 809291\nChicago, IL 60680-9291', 'amount_agency_commission': '34.50', 'amount_total_base': '195.50', 'period_end_date': '04/18/16', 'period_start_date': '04/12/16', 'product_description': 'CLINTON 4/12', 'advertiser': 'POL/Hillary Clinton/D/PRES-A', 'date_issue': '4/24/2016', 'reference_id': '08228092', 'invoice_id': '106966-1'}","[""93bb6cd717cc4fc8a99a71ca""]"
cd632deddf9547b994104950,"{'recipient_address': '815 Slaters Ln\nAlexandria, VA 22314', 'recipient_name': 'American Media & Advocacy Group', 'sender_address': 'c/o KSNV\nPO Box 206270\nDallas, TX 75320-6270', 'sender_name': 'REMIT TO Sinclair Broadcast', 'amount_agency_commission': '3,120.00', 'amount_total_base': '17,680.00', 'amount_total': '20,800.00', 'date_issue': '11/13/2016', 'reference_id': '2675298', 'invoice_id': '4830489', 'product_description': 'POLITICAL CANDIDATE (ns) (1186)', 'advertiser': 'Donald Trump for President-R (107314)'}","[""cf51b0f80cce400680b2753d""]"
cdb49b11335d46f49846f68a,"{'sender_name': 'KNXV', 'amount_total': '28,000.00', 'recipient_address': '815 Slaters Lane\nAlexandria, VA 22314', 'recipient_name': 'American Media & Advocacy Group', 'amount_total_base': '23,800.00', 'period_end_date': '11/07/16', 'period_start_date': '11/05/16', 'product_description': 'RNC/Trump for President', 'advertiser': 'Trump/RNC', 'date_revised': '11/04/16', 'date_issue': '11/04/2016', 'invoice_id': '205845'}","[""91a6c481df2646fd89b27b30"", ""1f12ce4ecca3480ea40890cf"", ""60b187494b68465eac540cee"", ""2af26da2739e43da8ba40bfd""]"
d30ab476c57d45bd80b32cf7,"{'amount_agency_commission': '3,240.00', 'amount_total_base': '18,360.00', 'amount_total': '21,600.00', 'recipient_address': '815 Slaters Ln\nAlexandria, VA 22314', 'recipient_name': 'American Media & Advocacy Group', 'sender_address': 'c/o KSNV\nPO Box 206270\nDallas, TX 75320-6270', 'sender_name': 'REMIT TO Sinclair Broadcast', 'product_description': 'POLITICAL CANDIDATE (ns) (1186)', 'advertiser': 'Donald Trump for President-R (107314)', 'date_issue': '10/30/2016', 'reference_id': '2663461', 'invoice_id': '4784027'}","[""cf51b0f80cce400680b2753d""]"
d4a0a75227354a3ba13d20af,"{'sender_name': 'WPXI-TV', 'amount_agency_commission': '2,625.00', 'amount_total': '17,500.00', 'amount_total_base': '14,875.00', 'period_start_date': '08/02/16', 'product_description': 'HFA 8/2', 'recipient_name': 'Greer Margolis Mitchell', 'sender_address': 'WPXI, Inc.\nPO box 809291\nChicago, IL 60680-9291', 'period_end_date': '08/08/16', 'advertiser': 'POL/Hillary Clinton/D/PRES-A', 'date_issue': '8/14/2016', 'reference_id': '08330218', 'invoice_id': '142703-2', 'recipient_address': 'Attention: Accounts Payable\n1010 Wisconsin Ave Ste 800\nWashington, DC 20007'}",[]
d68633db219e47a6aeb83579,"{'recipient_address': 'Attention: Accounts Payable\n1010 Wisconsin Ave Ste 800\nWashington, DC 20007', 'recipient_name': 'Greer Margolis Mitchell', 'sender_name': 'EPXI-TV', 'date_issue': '9/18/2016', 'sender_address': 'WPXI, Inc.\nPO Box 809291\nChicago, IL 60680-9291', 'amount_agency_commission': '61.50', 'amount_total_base': '348.50', 'amount_total': '410.00', 'period_end_date': '09/12/16', 'period_start_date': '09/06/16', 'product_description': 'CLINTON 9/6', 'advertiser': 'POL/Hillary Clinton/D/PRES-A', 'reference_id': '08357543', 'invoice_id': '154613-2'}",[]
d9fd07d0d3954b8ba25791e6,"{'amount_agency_commission': '89.25', 'sender_name': 'PCNC-TV', 'amount_total_base': '505.75', 'amount_total': '595.00', 'advertiser': 'POL/Hillary Clinton/D/PRES-A', 'recipient_address': 'Attention: Accounts Payable\n1010 Wisconsin Ave Ste 800\nWashington, DC 20007', 'recipient_name': 'Greer Margolis Mitchell', 'sender_address': 'WPXI, Inc.\nPO Box 809291\nChicago, IL 60680-9291', 'period_end_date': '10/31/16', 'period_start_date': '10/25/16', 'product_description': 'CLINTON 10/25', 'date_issue': '10/30/2016', 'reference_id': '08362605', 'invoice_id': '156719-1'}","[""7cc8f9aab2a04850afe8e5bd"", ""e12eac2c185a4995b07b6d9b"", ""7301c6cd811249d8a8f08432""]"
da0b725259954bfc82674d47,"{'recipient_name': 'COLIN LAWSON', 'amount_total': '525', 'sender_name': 'HRP', 'period_end_date': '10/03/16', 'period_start_date': '09/27/16', 'product_description': 'HILLARY FOR AMERICA', 'advertiser': 'POLI/H CLINTON/D/PRE/US', 'date_issue': '09/26/2016', 'reference_id': '154884', 'invoice_id': '1545426'}","[""f8f2c20bdbaf47aa9e3a5db4"", ""c9c5f0dbf040417192d8287b""]"
dac9e1f21a2649f0937e7060,"{'sender_name': 'PCNC-TV', 'amount_total': '270.00', 'product_description': 'HILLARY 8/23', 'recipient_name': 'Greer Margolis Mitchell', 'sender_address': 'WPXI, Inc.\nPO Box 809291\nChicago, IL 60680-9291', 'amount_agency_commission': '40.50', 'amount_total_base': '229.50', 'period_end_date': '08/29/16', 'period_start_date': '08/23/16', 'advertiser': 'POL/Hillary Clinton/D/PRES-A', 'date_issue': '8/28/2016', 'reference_id': '08342006', 'invoice_id': '147476-1', 'recipient_address': 'Attention: Accounts Payable\n1010 Wisconsin Ave Ste 800\nWashington, DC 20007'}","[""c9f06d19940240ac92e9b50f""]"
dbecb69cbe2347bb9dfc3ee2,"{'recipient_address': '815 Slaters Ln\nAlexandria, VA 22314', 'recipient_name': 'American Media & Advocacy Group', 'sender_address': 'c/o KSNV\nPO Box 206270\nDallas, TX 75320-6270', 'amount_agency_commission': '$1,935.00', 'sender_name': 'REMIT TO Sinclair Broadcast', 'amount_total_base': '10,965.00', 'amount_total': '12,900.00', 'product_description': 'POLTICAL CANDIDATE (ns) (1186)', 'advertiser': 'Donald Trump for President-R (107314)', 'date_issue': '10/23/2016', 'reference_id': '2654647', 'invoice_id': '4777212'}","[""cf51b0f80cce400680b2753d""]"
dcf57185bf2547c9a5e3a87c,"{'recipient_address': '5 Mapleton Ave\nPrinceton, NJ 08540', 'recipient_name': 'Jamestown Associates-Princeton', 'sender_address': '3012 Highwoods Blvd, Ste 101\nRaleigh, NC 27604', 'sender_name': 'WLFL Raleigh', 'amount_agency_commission': '480.00', 'amount_total_base': '2,720.00', 'amount_total': '3,200.00', 'period_end_date': '09/16/16', 'period_start_date': '09/13/16', 'product_description': 'POLITICAL CANDIDATE (ns) (1186)', 'advertiser': 'Donald Trump for President-R (107314)', 'date_issue': '09/12/2016', 'date_revised': '09/12/16', 'invoice_id': '2625702'}","[""0b126110c070492f9f63badb"", ""cf8343f532d8490a8fb74c51"", ""84be72452d9642ea9e39562e"", ""96c5307e6722431ca8d5ef80""]"
dfc5e296a152458dbc2a621e,"{'product_description': 'HILLARY FOR AMER 60', 'amount_total': '11,030', 'recipient_name': 'GREER, MARGOLIS, MITCHELL', 'sender_name': 'WFOX-TV JACKSONVILLE', 'period_end_date': '10/17/16', 'period_start_date': '10/11/16', 'advertiser': 'POLI/H CLINTON/D/PRE/US', 'date_issue': '10/11/2016', 'reference_id': '169363', 'invoice_id': '1578639'}","[""f8f2c20bdbaf47aa9e3a5db4""]"
e11bca299e52492daae3747d,"{'product_description': 'HILLARY 10/25 :60', 'sender_name': 'PCNC-TV', 'reference_id': '08427092', 'recipient_name': 'Greer Margolis Mitchell', 'sender_address': 'WPXI, Inc.\nPO Box 809291\nChicago, IL 60680-9291', 'amount_agency_commission': '285.00', 'amount_total_base': '1,615.00', 'amount_total': '1,900.00', 'period_end_date': '10/31/16', 'period_start_date': '10/25/16', 'advertiser': 'POL/Hillary Clinton/D/PRES-A', 'date_issue': '10/30/2016', 'invoice_id': '173865-1', 'recipient_address': 'Attention: Accounts Payable\n1010 Wisconsin Ave Ste 800\nWashington, DC 20007'}","[""7301c6cd811249d8a8f08432""]"
e2760d59cb6945dd94e31c30,"{'sender_name': 'PCNC-TV', 'amount_total_base': '246.50', 'amount_total': '290.00', 'invoice_id': '105992-1', 'recipient_name': 'Greer Margolis Mitchell', 'sender_address': 'WPXI, Inc.\nPO Box 809291\nChicago, IL 60680-9291', 'amount_agency_commission': '43.50', 'period_end_date': '04/11/16', 'period_start_date': '04/05/16', 'product_description': 'CLINTON 4/9', 'advertiser': 'POL/Hillary Clinton/D/PRES-A', 'date_issue': '4/24/2016', 'reference_id': '08226362', 'recipient_address': 'Attention: Accounts Payable\n1010 Wisconsin Ave Ste 800\nWashington, DC 20007'}","[""f7043abd88404c0083589a4b""]"
e34707ae98f84697a33189d5,"{'recipient_name': 'Greer Margolis Mitchell', 'sender_address': 'WPXI, Inc.\nPO Box 809291\nChicago, IL 60680-9291', 'sender_name': 'EPXI-TV', 'amount_agency_commission': '39.00', 'amount_total_base': '221.00', 'amount_total': '260.00', 'period_end_date': '09/26/16', 'period_start_date': '09/20/16', 'product_description': 'CLINTON 9/20', 'advertiser': 'POL/Hillary Clinton/D/PRES-A', 'date_issue': '10/2/2016', 'reference_id': '08357533', 'invoice_id': '154637-2', 'recipient_address': 'Attention: Accounts Payable\n1010 Wisconsin Ave Ste 800\nWashington, DC 20007'}","[""f7043abd88404c0083589a4b""]"
e36f515a4bf94e02995da21d,"{'sender_name': 'WNEP2', 'recipient_address': 'Attention: Accounts Payable\n817 Slaters Lane\nAlexandria, VA 22314', 'recipient_name': 'Harris Sikes Media / POL', 'sender_address': '16 Montage Mountain Rd\nMoosic, PA 16507', 'amount_agency_commission': '50.85', 'amount_total_base': '288.15', 'amount_total': '339.00', 'period_end_date': '07/28/20', 'period_start_date': '07/22/20', 'product_description': 'Trump For President', 'advertiser': 'POL/ Donald Trump / R / President / US', 'date_issue': '7/26/2020', 'reference_id': '2046318', 'invoice_id': '2046318-1'}","[""04f4d8bcb8de454e863deea9"", ""9ef82c592b3f49779808897e""]"
f04b58ce7bed416aac863c3d,"{'sender_name': 'PCNC-TV', 'sender_address': 'WPXI, Inc.\nPO Box 809291\nChicago, IL 60680-9291', 'recipient_address': 'Attention: Accounts Payable\n1010 Wisconsin Ave Ste 800\nWashington, DC 20007', 'recipient_name': 'Greer Margolis Mitchell', 'amount_agency_commission': '126.75', 'amount_total_base': '718.25', 'amount_total': '845.00', 'period_end_date': '10/03/16', 'period_start_date': '09/27/16', 'product_description': 'CLINTON 9/27', 'advertiser': 'POL/Hillary Clinton/D/PRES', 'date_issue': '10/2/2016', 'reference_id': '08362600', 'invoice_id': '156702-1'}",[]
f148739a353741f0a83bbce2,"{'recipient_address': 'Attention: Accounts Payable\n1010 Wisconsin Ave Ste 800\nWashington, DC 20007', 'amount_agency_commission': '60.00', 'advertiser': 'POL/Hillary Clinton/D/PRES-A', 'sender_name': 'EPXI-TV', 'recipient_name': 'Greer Margolis Mitchell', 'sender_address': 'WPXI, Inc.\nPO Box 809291\nChicago, IL 60680-9291', 'amount_total_base': '340.00', 'amount_total': '400.00', 'period_end_date': '04/18/16', 'period_start_date': '04/12/16', 'product_description': 'CLINTON 4/12', 'date_issue': '4/24/2016', 'reference_id': '08228684', 'invoice_id': '107010-1'}",[]
f40a9142b2fd474ea603019e,"{'sender_name': 'REMIT TO Sinclair Broadcast G', 'amount_total_base': '1,946.50', 'amount_total': '2,290.00', 'recipient_address': '815 Slaters Ln\nAlexandria, VA 22314', 'recipient_name': 'American Media & Advocacy Group', 'sender_address': 'c/o WPMI\nPO Box 206270\nDallas, TX 75320-6270', 'amount_agency_commission': '343.50', 'product_description': 'POLITICAL CANDIDATE (ns) (1186)', 'advertiser': 'Donald Trump for President-R (107314)', 'date_issue': '10/30/2016', 'reference_id': '2654385', 'invoice_id': '4793530'}","[""c1bf72ab00c94f74a12f5c1e"", ""5029316292134caca321d13b"", ""7cd3dfeae17042459482f7e8""]"
f62b18c93e23476087b1fd43,"{'amount_total': '8,140.00', 'recipient_address': '2020 Howell Mill Rd\nNW Suite D-348\nAtlanta, GA 30318', 'recipient_name': 'Media Buying and\nAnalytics', 'sender_address': '125 West 55th St\nNew York, NY 10019', 'sender_name': 'WAOW', 'period_end_date': '08/10/20', 'period_start_date': '08/04/20', 'product_description': 'WI General', 'advertiser': 'Biden For President', 'date_issue': '8/3/2020', 'reference_id': '584007', 'invoice_id': '27028938'}","[""73010236e1d94b079835f7f6"", ""3e91bb42b76640d180122717"", ""433b1b3eb757456db7e0d781"", ""a114fbcfaa9a4cc8905686b1""]"
f89e2c0d4a474fea8ae6cccc,"{'amount_total_base': '1,700.00', 'amount_total': '2,000.00', 'period_end_date': '08/17/20', 'recipient_address': '2020 Howell Mill Rd\nAtlanta, GA 30318', 'recipient_name': 'Media Buying and Analytics', 'sender_name': 'WISC-TV', 'period_start_date': '08/16/20', 'product_description': 'Biden for President', 'advertiser': 'Political Various', 'date_revised': '08/12/20', 'date_issue': '8/12/2020', 'reference_id': '27038558', 'invoice_id': '27038558'}","[""21ae415f9dc34893aa26ba9c"", ""bab98a234d0a4958905ee1ab"", ""434270e996e147c6ac9cbcca"", ""19056a24d644454fab3efd4d""]"
f8db5fa94b914f2987f42d01,"{'date_issue': '4/26/2016', 'sender_name': 'PCNC-TV', 'amount_total': '460.00', 'recipient_name': 'Greer Margolis Mitchell', 'recipient_address': 'Attention: Accounts Payable\n1010 Wisconsin Ave Ste 800\nWashington, DC 20007', 'sender_address': 'WPXI, Inc.\nPO Box 809291\nChicago, IL 60680-9291', 'amount_agency_commission': '69.00', 'amount_total_base': '391.00', 'period_end_date': '04/30/16', 'period_start_date': '04/17/16', 'product_description': 'CLINTON 4/17', 'advertiser': 'POL/Hillary Clinton/D/PRES-A', 'reference_id': '08231849', 'invoice_id': '108525-1'}",[]
f999a3c69845429593e2a380,"{'recipient_address': '815 Slaters Ln\nAlexandria, VA 22314', 'sender_name': 'REMIT TO Sinciair Broadcast', 'amount_agency_commission': '$4,620.00', 'amount_total_base': '26,180.00', 'amount_total': '30,800.00', 'recipient_name': 'American Media & Advocacy Group', 'sender_address': 'c/o KVCW\nPO Box 206270\nDallas, TX 75320-6270', 'advertiser': 'Donald Trump for President-R (107314)', 'date_issue': '11/6/2016', 'reference_id': '2675331', 'invoice_id': '4827613', 'product_description': 'POLITICAL CANDIDATE (ns) (1186)'}","[""cf51b0f80cce400680b2753d""]"
facb0ca4924743369e71ab32,"{'sender_name': 'WNEP2', 'amount_total': '261.00', 'recipient_address': '817 Slaters Lane\nAlexandria, VA 22314', 'recipient_name': 'Harris Sikes Media / POL', 'sender_address': '16 Montage Mountain Rd\nMoosic, PA 16507', 'amount_agency_commission': '39.15', 'amount_total_base': '221.85', 'period_end_date': '06/26/20', 'period_start_date': '06/23/20', 'product_description': 'Trump For President', 'advertiser': 'POL/ Donald Trump / R / President / US', 'date_issue': '6/28/2020', 'reference_id': '2019344', 'invoice_id': '2019344'}","[""04f4d8bcb8de454e863deea9"", ""9ef82c592b3f49779808897e""]"
fe292671e2834e25adf14137,"{'recipient_address': '815 Slaters Ln\nAlexandria, VA 22314', 'sender_name': 'REMIT TO Sinclair Broadcast', 'amount_total_base': '2,040.00', 'amount_total': '2,400.00', 'amount_agency_commission': '360.00', 'product_description': 'POLITICAL CANDIDATE (ns) (1186)', 'advertiser': 'Donald Trump for President-R (107314)', 'recipient_name': 'American Media & Advocacy Group', 'sender_address': 'c/o KVCW\nPO Box 206270\nDallas, TX 75320-6270', 'date_issue': '10/23/2016', 'reference_id': '2668445', 'invoice_id': '4777385'}","[""458bee45f16243699d064a5d"", ""035434f67652420ea113baaf""]"
ff3bd2a26d7c4460a802c83a,"{'amount_total': '220.00', 'amount_total_base': '187.00', 'recipient_name': 'Greer Margolis Mitchell', 'recipient_address': 'Attention: Accounts Payable\n1010 Wisconsin Ave Ste 800\nWashington, DC 20007', 'sender_address': 'WPXI, Inc.\nPO Box 809291\nChicago, IL 60680-9291', 'sender_name': 'EPXI-TV', 'amount_agency_commission': '33.00', 'period_end_date': '10/10/16', 'period_start_date': '10/04/16', 'product_description': 'CLINTON 10/4', 'advertiser': 'POL/Hillary Clinton/D/PRES-A', 'date_issue': '10/16/2016', 'reference_id': '08357525', 'invoice_id': '154654-2'}",[]
